customer_id,customer_type,city,rate_plan,has_solar,has_ev,has_battery_storage,is_low_income_qualified,days_with_usage,total_kwh_ytd,avg_daily_kwh,usage_volatility,peak_daily_usage,min_daily_usage,total_cost_ytd,avg_daily_cost,effective_rate_per_kwh,avg_winter_usage,avg_summer_usage,winter_vs_summer_pct,avg_weekend_usage,avg_weekday_usage,weekend_vs_weekday_pct,usage_rank_overall,usage_percentile_overall,usage_rank_in_segment,usage_percentile_in_segment,usage_rank_in_city,revenue_rank,revenue_percentile,efficiency_rank,volatility_quintile,usage_segment,risk_indicator
CUST_027144,Large Commercial,Redwood City,ECO,false,false,false,false,251,211017.37778110744,840.71,100.7,1034.3762584387086,571.097999137412,39178.31154413669,156.09,0.1857,873.81,754.61,15.8,813.03,851.62,-4.5,1,100.0,1,100.0,1,337,99.3,6,5,High Usage,Stable Customer
CUST_008865,Large Commercial,Redwood City,ECO,false,false,false,false,251,211011.5729411955,840.68,109.04,1048.9416795961765,562.3715255969076,39192.59765780037,156.15,0.1857,853.85,752.85,13.4,804.61,854.91,-5.9,2,100.0,2,99.8,2,331,99.3,7,5,High Usage,Stable Customer
CUST_044167,Large Commercial,San Mateo,ECO,false,false,false,false,251,210881.93245837887,840.17,109.67,1041.66808854211,526.0453770818208,39181.43053214711,156.1,0.1858,858.89,750.53,14.4,802.35,855.09,-6.2,3,100.0,3,99.7,1,335,99.3,10,5,High Usage,Stable Customer
CUST_004795,Large Commercial,Palo Alto,ECO,true,true,false,false,251,210588.7882766217,839.0,106.54,1037.398394375176,557.2490094068955,39086.057920533916,155.72,0.1856,858.83,751.25,14.3,799.83,854.45,-6.4,4,100.0,4,99.5,1,363,99.3,4,5,High Usage,Stable Customer
CUST_033365,Large Commercial,San Mateo,ECO100,false,false,false,false,251,210490.15481851177,838.61,108.94,1033.3095651216345,567.5627816245653,47299.71148256973,188.45,0.2247,863.49,746.75,15.6,802.52,852.84,-5.9,5,100.0,5,99.3,2,21,100.0,42377,5,High Usage,Stable Customer
CUST_006075,Large Commercial,Palo Alto,ECO,false,false,false,false,251,210452.2298682926,838.46,105.13,1039.3946409748562,580.7759040196134,39014.7955748504,155.44,0.1854,865.8,749.36,15.5,805.23,851.56,-5.4,6,100.0,6,99.2,2,392,99.2,1,5,High Usage,Stable Customer
CUST_011299,Large Commercial,Redwood City,ECO,false,false,false,true,251,210091.078397898,837.02,106.33,1040.7201658564552,577.5742640618744,38973.84393224247,155.27,0.1855,862.4,745.85,15.6,806.45,849.07,-5.0,7,100.0,7,99.0,3,415,99.2,3,5,High Usage,Stable Customer
CUST_002746,Large Commercial,Redwood City,ECO100,false,false,false,false,251,210021.78639976875,836.74,108.93,1049.6395625358186,533.2666967603536,47212.68520682703,188.1,0.2248,857.41,745.35,15.0,802.22,850.36,-5.7,8,100.0,8,98.8,4,33,99.9,42379,5,High Usage,Stable Customer
CUST_047272,Large Commercial,San Mateo,ECO,false,false,false,false,251,209523.13248674286,834.75,105.4,1043.1324118565512,565.4760770632006,38928.4949823022,155.09,0.1858,858.4,744.3,15.3,805.34,846.36,-4.8,9,100.0,9,98.7,3,434,99.1,9,5,High Usage,Stable Customer
CUST_031579,Large Commercial,Foster City,ECO100,false,true,false,false,251,209508.88852829862,834.7,106.59,1040.5237939895705,547.8886446947195,47098.193346066684,187.64,0.2248,866.29,746.23,16.1,803.0,847.2,-5.2,10,100.0,10,98.5,1,48,99.9,42378,5,High Usage,Stable Customer
CUST_023336,Large Commercial,Redwood City,ECO,false,true,false,false,251,209205.53952380212,833.49,104.95,1044.13437318954,590.7376634646151,38860.40119495221,154.82,0.1858,853.28,753.28,13.3,801.69,846.03,-5.2,11,100.0,11,98.3,5,489,99.0,8,5,High Usage,Stable Customer
CUST_019413,Large Commercial,San Mateo,ECO,false,false,false,false,251,208922.6043480944,832.36,110.59,1040.6408979670193,573.8030826718436,38753.347244280536,154.4,0.1855,860.19,741.06,16.1,785.33,850.91,-7.7,12,100.0,12,98.2,4,544,98.9,2,5,High Usage,Stable Customer
CUST_016045,Large Commercial,Foster City,ECO,true,false,false,false,251,208111.1064235215,829.13,101.14,1042.3258158639444,593.0169269052451,38650.12474436478,153.98,0.1857,847.53,746.14,13.6,793.03,843.37,-6.0,13,100.0,13,98.0,2,582,98.8,5,5,High Usage,Stable Customer
CUST_005830,Large Commercial,Redwood City,ECO100,false,false,false,true,244,207925.81592885405,852.15,111.36,1044.508458446122,529.2546287282881,47822.93766363641,196.0,0.23,874.18,749.11,16.7,812.47,867.8,-6.4,14,100.0,14,97.8,6,1,100.0,49882,5,High Usage,Stable Customer
CUST_009846,Large Commercial,Foster City,ECOplus,false,true,false,false,244,207175.6188367113,849.08,110.63,1042.8961767512478,586.7234892780415,43506.87995570938,178.31,0.21,868.84,753.36,15.3,810.99,864.1,-6.1,15,100.0,15,97.7,3,99,99.8,42145,5,High Usage,Stable Customer
CUST_046010,Large Commercial,Palo Alto,ECOplus,false,true,false,false,244,207127.3326539914,848.88,103.41,1040.365505285415,602.6570240491083,43496.739857338245,178.27,0.21,870.66,755.57,15.2,819.68,860.4,-4.7,16,100.0,16,97.5,3,100,99.8,42144,5,High Usage,Stable Customer
CUST_022985,Large Commercial,Redwood City,ECO,false,true,false,false,244,207064.09564514132,848.62,108.89,1043.8655890925872,557.9459213003563,39342.178172576845,161.24,0.19,869.17,754.95,15.1,808.68,864.37,-6.4,17,100.0,17,97.3,7,317,99.4,22972,5,High Usage,Stable Customer
CUST_028638,Large Commercial,Redwood City,ECOplus,false,false,false,true,244,207003.46671716304,848.37,105.04,1036.9906592529246,567.6301961668994,43470.72801060424,178.16,0.21,871.96,757.49,15.1,828.36,856.27,-3.3,18,100.0,18,97.2,8,101,99.8,42143,5,High Usage,Stable Customer
CUST_014679,Large Commercial,San Mateo,ECO,false,false,true,false,244,207002.67441354026,848.37,104.27,1042.371168730907,569.3447658131264,39330.508138572615,161.19,0.19,858.06,763.37,12.4,814.06,861.9,-5.6,19,100.0,19,97.0,5,318,99.4,22971,5,High Usage,Stable Customer
CUST_034803,Large Commercial,Foster City,ECO,false,false,true,true,244,206921.17355368088,848.04,106.81,1046.0979957443278,559.4865499132736,39315.02297519937,161.13,0.19,862.19,758.93,13.6,816.61,860.43,-5.1,20,100.0,20,96.8,4,319,99.4,22970,5,High Usage,Stable Customer
CUST_009852,Large Commercial,Redwood City,ECOplus,false,false,false,true,244,206879.46738553717,847.87,104.76,1045.2984437570044,601.63730405078,43444.6881509628,178.05,0.21,879.99,753.26,16.8,811.85,862.07,-5.8,21,100.0,21,96.7,9,102,99.8,42142,5,High Usage,Stable Customer
CUST_021248,Large Commercial,Redwood City,ECO100,false,false,false,false,244,206838.1044619596,847.7,101.12,1046.399977396501,564.4902605485972,47572.764026250756,194.97,0.23,865.16,764.26,13.2,824.36,856.9,-3.8,22,100.0,22,96.5,10,2,100.0,49881,5,High Usage,Stable Customer
CUST_039591,Large Commercial,San Mateo,ECO100,false,false,false,false,244,206829.76581094938,847.66,109.07,1048.357513332034,525.8895297943253,47570.846136518325,194.96,0.23,869.33,753.54,15.4,810.69,862.24,-6.0,23,100.0,23,96.3,6,3,100.0,49880,5,High Usage,Stable Customer
CUST_029845,Large Commercial,Redwood City,ECO,true,false,false,false,244,206769.46900184976,847.42,105.96,1046.4332498196359,525.2580253087737,39286.199110351445,161.01,0.19,874.65,751.61,16.4,813.26,860.88,-5.5,24,100.0,24,96.2,11,320,99.4,22969,5,High Usage,Stable Customer
CUST_004326,Large Commercial,Palo Alto,ECO,false,false,false,false,244,206729.97190423647,847.25,108.94,1036.8836689487769,543.3249647298244,39278.69466180491,160.98,0.19,875.47,753.92,16.1,811.6,861.31,-5.8,25,100.0,25,96.0,4,321,99.4,22968,5,High Usage,Stable Customer
CUST_040313,Large Commercial,San Mateo,ECOplus,false,false,false,false,244,206607.38477874626,846.75,108.14,1037.6978133871764,551.9341434131138,43387.5508035367,177.82,0.21,877.5,751.09,16.8,811.97,860.46,-5.6,26,99.9,26,95.8,7,103,99.8,42141,5,High Usage,Stable Customer
CUST_040042,Large Commercial,Foster City,ECOplus,false,true,false,false,244,206596.01599711005,846.7,106.42,1043.482294655594,556.4581566121859,43385.16335939319,177.81,0.21,871.81,752.89,15.8,812.68,860.12,-5.5,27,99.9,27,95.7,5,104,99.8,42140,5,High Usage,Stable Customer
CUST_008139,Large Commercial,Palo Alto,ECO,true,false,false,true,244,206588.1726017344,846.67,107.79,1045.5192341205654,557.1792071965249,39251.752794329564,160.87,0.19,868.07,756.64,14.7,812.3,860.23,-5.6,28,99.9,28,95.5,5,322,99.4,22967,5,High Usage,Stable Customer
CUST_024597,Large Commercial,Redwood City,ECO,false,false,false,false,244,206552.3421068686,846.53,104.29,1049.7392359750372,581.415109687174,39244.945000305044,160.84,0.19,864.85,759.09,13.9,813.08,859.71,-5.4,29,99.9,29,95.3,12,323,99.4,22966,5,High Usage,Stable Customer
CUST_047846,Large Commercial,Redwood City,ECO,false,false,false,false,244,206535.76604272609,846.46,108.22,1037.3463032083046,583.4036645516626,39241.79554811795,160.83,0.19,879.0,748.62,17.4,825.65,854.66,-3.4,30,99.9,30,95.2,13,324,99.4,22965,5,High Usage,Stable Customer
CUST_002982,Large Commercial,Palo Alto,ECO,false,false,false,false,244,206495.15209662478,846.29,100.29,1049.0519497841246,582.8394450118219,39234.07889835871,160.8,0.19,879.52,763.45,15.2,807.08,861.75,-6.3,31,99.9,31,95.0,6,325,99.4,22964,5,High Usage,Stable Customer
CUST_005159,Large Commercial,Redwood City,ECOplus,false,false,false,false,244,206483.23989039526,846.24,104.4,1048.511605306944,528.1509701315504,43361.48037698299,177.71,0.21,862.46,756.64,14.0,805.28,862.39,-6.6,32,99.9,32,94.8,14,105,99.8,42139,5,High Usage,Stable Customer
CUST_027017,Large Commercial,Palo Alto,ECO,false,false,false,false,244,206474.3625091485,846.21,105.94,1049.1227289223855,528.6354064667821,39230.12887673823,160.78,0.19,854.0,754.38,13.2,816.85,857.78,-4.8,33,99.9,33,94.6,7,326,99.3,22963,5,High Usage,Stable Customer
CUST_017699,Large Commercial,San Mateo,ECOplus,false,false,false,false,244,206463.66969931708,846.16,109.67,1038.6985239376365,534.5075339801333,43357.37063685658,177.69,0.21,873.47,749.04,16.6,802.16,863.51,-7.1,34,99.9,34,94.5,8,106,99.8,42138,5,High Usage,Stable Customer
CUST_005665,Large Commercial,East Palo Alto,ECO,false,false,false,false,244,206448.9142633791,846.1,111.69,1048.4663968039372,555.2215154186548,39225.29371004203,160.76,0.19,862.85,750.2,15.0,801.71,863.61,-7.2,35,99.9,35,94.3,1,327,99.3,22962,5,High Usage,Stable Customer
CUST_013633,Large Commercial,Redwood City,ECO,false,false,false,false,244,206444.93653774515,846.09,104.74,1044.0340483007392,567.4947006639616,39224.53794217155,160.76,0.19,873.8,755.44,15.7,806.19,861.82,-6.5,36,99.9,36,94.1,15,328,99.3,22961,5,High Usage,Stable Customer
CUST_018148,Large Commercial,Redwood City,ECO100,false,false,false,false,244,206426.64919172114,846.01,103.44,1045.5970106592986,544.4466511451376,47478.129314095844,194.58,0.23,875.98,757.03,15.7,807.42,861.23,-6.2,37,99.9,37,94.0,16,4,100.0,49879,5,High Usage,Stable Customer
CUST_031187,Large Commercial,Palo Alto,ECOplus,false,false,true,false,244,206405.66527754886,845.92,105.16,1036.745534000189,549.4609191587026,43345.18970828529,177.64,0.21,854.92,764.28,11.9,809.53,860.27,-5.9,38,99.9,38,93.8,8,107,99.8,42137,5,High Usage,Stable Customer
CUST_035329,Large Commercial,Redwood City,ECOplus,false,false,false,false,244,206367.24196980332,845.77,101.3,1040.1913363443618,573.2751807107694,43337.120813658716,177.61,0.21,864.89,755.14,14.5,815.89,857.55,-4.9,39,99.9,39,93.6,17,108,99.8,42136,5,High Usage,Stable Customer
CUST_011093,Large Commercial,San Mateo,ECO,false,false,false,true,244,206358.84214892768,845.73,98.77,1043.8484940578765,589.9679435109692,39208.18000829625,160.69,0.19,855.52,768.83,11.3,804.66,861.93,-6.6,40,99.9,40,93.5,9,329,99.3,22960,5,High Usage,Stable Customer
CUST_047403,Large Commercial,Palo Alto,ECO100,false,false,false,false,244,206331.97682558335,845.62,108.24,1036.0079353251372,529.0876831875402,47456.354669884146,194.49,0.23,872.1,746.59,16.8,805.85,861.31,-6.4,41,99.9,41,93.3,9,5,100.0,49878,5,High Usage,Stable Customer
CUST_001738,Large Commercial,Redwood City,ECOplus,false,false,false,false,244,206311.29066294097,845.54,100.87,1043.8862960144666,560.4966494712743,43325.37103921759,177.56,0.21,870.45,759.1,14.7,815.24,857.48,-4.9,42,99.9,42,93.1,18,109,99.8,42135,5,High Usage,Stable Customer
CUST_032584,Large Commercial,Redwood City,ECO,false,false,false,false,244,206295.69237139798,845.47,106.69,1047.0748343848525,567.4020289014226,39196.181550565634,160.64,0.19,853.77,754.48,13.2,807.7,860.37,-6.1,43,99.9,43,93.0,19,330,99.3,22959,5,High Usage,Stable Customer
CUST_031790,Large Commercial,Palo Alto,ECOplus,false,true,false,true,244,206273.06872486434,845.38,104.34,1042.693270414498,555.1387645371464,43317.34443222149,177.53,0.21,875.46,750.17,16.7,811.87,858.59,-5.4,44,99.9,44,92.8,10,110,99.8,42134,5,High Usage,Stable Customer
CUST_014625,Large Commercial,Redwood City,ECOplus,false,true,false,false,244,206254.79064126345,845.31,110.15,1040.984336982221,534.1564696376604,43313.50603466532,177.51,0.21,866.96,745.63,16.3,804.03,861.58,-6.7,45,99.9,45,92.6,20,111,99.8,42133,5,High Usage,Stable Customer
CUST_030258,Large Commercial,Menlo Park,ECO100,false,false,false,false,244,206247.54719268056,845.28,105.31,1027.917342199198,558.6497518371235,47436.935854316536,194.41,0.23,861.39,755.5,14.0,813.94,857.63,-5.1,46,99.9,46,92.5,1,6,100.0,49877,5,High Usage,Stable Customer
CUST_033477,Large Commercial,San Mateo,ECO,false,false,false,false,244,206235.14354417217,845.23,109.37,1039.5287115325548,570.1327322072835,39184.67727339271,160.59,0.19,873.37,749.3,16.6,808.41,859.74,-6.0,47,99.9,47,92.3,10,332,99.3,22958,5,High Usage,Stable Customer
CUST_001944,Large Commercial,Palo Alto,ECO,false,false,false,false,244,206228.43987299176,845.2,103.97,1045.9536517268425,545.2501919034371,39183.40357586838,160.59,0.19,847.37,761.27,11.3,805.9,860.69,-6.4,48,99.9,48,92.1,11,333,99.3,22957,5,High Usage,Stable Customer
CUST_039564,Large Commercial,Foster City,ECO,false,false,false,false,244,206219.5689873316,845.16,106.51,1048.1862222997588,579.8858222096759,39181.718107592955,160.58,0.19,861.42,756.78,13.8,803.31,861.66,-6.8,49,99.9,49,92.0,6,334,99.3,22956,5,High Usage,Stable Customer
CUST_006472,Large Commercial,San Mateo,ECOplus,false,true,false,false,244,206214.71541896352,845.14,106.12,1038.0565290586899,570.2999072795134,43305.09023798232,177.48,0.21,873.69,750.93,16.3,803.43,861.59,-6.8,50,99.9,50,91.8,11,112,99.8,42132,5,High Usage,Stable Customer
CUST_012586,Large Commercial,Palo Alto,ECO,false,false,false,false,244,206210.2632112807,845.12,103.9,1049.7267437348182,554.0736552451092,39179.95001014332,160.57,0.19,870.85,756.26,15.2,815.3,856.88,-4.9,51,99.9,51,91.6,12,336,99.3,22955,5,High Usage,Stable Customer
CUST_024090,Large Commercial,Redwood City,ECO100,false,false,false,false,244,206192.41814489925,845.05,105.98,1045.0325054113816,565.6244990329905,47424.25617332683,194.36,0.23,872.83,750.46,16.3,812.0,858.08,-5.4,52,99.9,52,91.5,21,7,100.0,49876,5,High Usage,Stable Customer
CUST_016268,Large Commercial,Foster City,ECO,false,false,false,false,244,206170.05511846242,844.96,108.6,1047.6444601206767,564.4546375699784,39172.310472507845,160.54,0.19,870.91,750.11,16.1,808.49,859.34,-5.9,53,99.9,53,91.3,7,338,99.3,22954,5,High Usage,Stable Customer
CUST_040048,Large Commercial,San Mateo,ECOplus,false,false,false,false,244,206149.6938450732,844.88,103.31,1033.2644506970428,569.567427832535,43291.43570746533,177.42,0.21,869.79,754.71,15.2,813.87,857.1,-5.0,54,99.9,54,91.1,12,113,99.8,42131,5,High Usage,Stable Customer
CUST_015029,Large Commercial,San Mateo,ECO,false,false,false,false,244,206141.4078367099,844.84,103.78,1044.8598286335337,573.2761393110941,39166.86748897494,160.52,0.19,864.47,761.6,13.5,800.14,862.47,-7.2,55,99.9,55,91.0,13,339,99.3,22953,5,High Usage,Stable Customer
CUST_046784,Large Commercial,Redwood City,ECO,false,false,false,true,244,206129.47135651173,844.79,110.49,1042.2967944756306,527.176887299189,39164.599557737216,160.51,0.19,859.09,752.51,14.2,812.06,857.7,-5.3,56,99.9,56,90.8,22,340,99.3,22952,5,High Usage,Stable Customer
CUST_033252,Large Commercial,San Mateo,ECOplus,false,false,false,false,244,206105.72708505238,844.7,109.16,1042.8164262181383,537.9466493002983,43282.20268786099,177.39,0.21,850.43,757.0,12.3,805.16,860.29,-6.4,57,99.9,57,90.6,14,114,99.8,42130,5,High Usage,Stable Customer
CUST_016083,Large Commercial,Redwood City,ECOplus,false,false,false,true,244,206102.00785310127,844.68,106.59,1043.0667938771674,576.4720961680156,43281.42164915129,177.38,0.21,864.89,752.94,14.9,808.66,858.88,-5.8,58,99.9,58,90.5,23,115,99.8,42129,5,High Usage,Stable Customer
CUST_013800,Large Commercial,Redwood City,ECO,false,true,false,false,244,206098.4959882879,844.67,109.01,1043.2293577189025,546.3405777554666,39158.71423777472,160.49,0.19,865.72,749.77,15.5,811.65,857.69,-5.4,59,99.9,59,90.3,24,341,99.3,22951,5,High Usage,Stable Customer
CUST_018634,Large Commercial,San Mateo,ECO100,false,false,true,false,244,206059.95793917548,844.51,99.98,1033.8650240460875,574.6080873120779,47393.79032601039,194.24,0.23,859.97,764.85,12.4,812.42,857.16,-5.2,60,99.9,60,90.1,15,8,100.0,49875,5,High Usage,Stable Customer
CUST_028590,Large Commercial,San Mateo,ECO100,false,true,false,false,244,206058.2301091737,844.5,108.71,1042.2494229218637,528.9561056309674,47393.39292510991,194.24,0.23,867.89,750.55,15.6,809.1,858.46,-5.7,61,99.9,61,90.0,16,9,100.0,49874,5,Above Average,Stable Customer
CUST_049116,Large Commercial,Redwood City,ECO,false,false,false,true,244,206043.7632291434,844.44,109.7,1041.0509174649753,539.2882153381969,39148.31501353725,160.44,0.19,861.12,749.48,14.9,811.35,857.49,-5.4,62,99.9,62,89.8,25,342,99.3,22950,5,Above Average,Stable Customer
CUST_004689,Large Commercial,Redwood City,ECO,false,false,false,false,244,206027.22526531038,844.37,105.31,1044.8267996168056,566.4018717315671,39145.17280040898,160.43,0.19,861.9,756.04,14.0,804.36,860.15,-6.5,63,99.9,63,89.6,26,343,99.3,22949,5,Above Average,Stable Customer
CUST_041280,Large Commercial,San Mateo,ECO,false,true,false,false,244,206021.48417678778,844.35,104.74,1035.9926839911627,548.6159638775433,39144.08199358969,160.43,0.19,866.04,751.21,15.3,824.04,852.36,-3.3,64,99.9,64,89.5,17,344,99.3,22948,5,Above Average,Stable Customer
CUST_032687,Large Commercial,San Mateo,ECO,false,false,false,true,244,206021.07864656873,844.35,109.15,1046.0294392193562,554.9898157557304,39144.00494284806,160.43,0.19,871.76,749.0,16.4,800.11,861.79,-7.2,65,99.9,65,89.3,18,345,99.3,22947,5,Above Average,Stable Customer
CUST_030596,Large Commercial,Palo Alto,ECO,false,false,false,false,244,206001.01445702752,844.27,107.84,1039.75399382887,550.1800965320479,39140.19274683526,160.41,0.19,866.92,750.6,15.5,813.63,856.35,-5.0,66,99.9,66,89.1,13,346,99.3,22946,5,Above Average,Stable Customer
CUST_049400,Large Commercial,Redwood City,ECO100,false,false,true,false,244,206000.39815002185,844.26,112.27,1044.5769342891813,534.9999289584384,47380.09157450508,194.18,0.23,853.99,749.43,14.0,797.83,862.57,-7.5,67,99.9,67,89.0,27,10,100.0,49873,5,Above Average,Stable Customer
CUST_047081,Large Commercial,Foster City,ECO,false,false,true,false,244,205971.3591781193,844.14,105.64,1048.230893820603,574.1841192896687,39134.55824384266,160.39,0.19,871.91,751.76,16.0,798.48,862.15,-7.4,68,99.9,68,88.8,8,347,99.3,22945,5,Above Average,Stable Customer
CUST_007472,Large Commercial,Palo Alto,ECO,false,false,false,false,244,205946.3737430563,844.04,110.2,1042.2574721374153,541.4205515594226,39129.811011180675,160.37,0.19,860.85,751.93,14.5,801.6,860.78,-6.9,69,99.9,69,88.6,14,348,99.3,22944,5,Above Average,Stable Customer
CUST_000991,Large Commercial,Palo Alto,ECO100,false,false,false,true,244,205934.776860682,843.99,108.49,1034.7373321599953,550.18978864958,47364.99867795685,194.12,0.23,875.08,749.64,16.7,813.46,856.03,-5.0,70,99.9,70,88.5,15,11,100.0,49872,5,Above Average,Stable Customer
CUST_047910,Large Commercial,San Mateo,ECOplus,false,false,false,false,244,205931.12462205134,843.98,104.73,1024.1725210070065,574.4329269390304,43245.53617063078,177.24,0.21,859.42,754.48,13.9,814.81,855.48,-4.8,71,99.9,71,88.3,19,116,99.8,42128,5,Above Average,Stable Customer
CUST_008926,Large Commercial,Redwood City,ECO,false,false,false,true,244,205909.73142202734,843.89,104.97,1046.9757165196181,541.7422190311268,39122.84897018517,160.34,0.19,864.71,755.36,14.5,801.18,860.73,-6.9,72,99.9,72,88.1,28,349,99.3,22943,5,Above Average,Stable Customer
CUST_035725,Large Commercial,Palo Alto,ECO,false,false,false,false,244,205905.37651259307,843.87,105.98,1043.9429731367925,543.7493211067984,39122.02153739268,160.34,0.19,852.38,759.04,12.3,807.26,858.31,-5.9,73,99.9,73,88.0,16,350,99.3,22942,5,Above Average,Stable Customer
CUST_031090,Large Commercial,Palo Alto,ECO,false,true,false,true,244,205890.65650934452,843.81,98.03,1040.3378124721453,583.9511418357513,39119.22473677543,160.32,0.19,852.14,762.04,11.8,810.24,857.05,-5.5,74,99.9,74,87.8,17,351,99.3,22941,5,Above Average,Stable Customer
CUST_035524,Large Commercial,Palo Alto,ECOplus,false,false,false,false,244,205889.71499352466,843.81,110.17,1045.9667050145736,531.6128707323737,43236.8401486402,177.2,0.21,868.13,747.22,16.2,811.73,856.46,-5.2,75,99.9,75,87.6,18,117,99.8,42127,5,Above Average,Stable Customer
CUST_043274,Large Commercial,San Mateo,ECOplus,false,false,false,false,244,205870.14296936686,843.73,103.21,1040.4386438785314,564.5051725468496,43232.73002356708,177.18,0.21,882.49,752.58,17.3,807.39,858.06,-5.9,76,99.8,76,87.5,20,118,99.8,42126,5,Above Average,Stable Customer
CUST_028399,Large Commercial,Foster City,ECO,false,false,false,false,244,205869.6755903543,843.73,104.69,1044.2229941348671,532.3727423895565,39115.238362167285,160.31,0.19,853.97,756.73,12.9,809.46,857.24,-5.6,77,99.8,77,87.3,9,352,99.3,22940,5,Above Average,Stable Customer
CUST_017270,Large Commercial,Redwood City,ECO,false,false,false,false,244,205865.73917612754,843.71,104.98,1046.1141884819829,541.9238171129516,39114.4904434642,160.31,0.19,854.11,759.65,12.4,804.71,859.09,-6.3,78,99.8,78,87.1,29,353,99.3,22939,5,Above Average,Stable Customer
CUST_033636,Large Commercial,Menlo Park,ECO,false,false,false,false,244,205857.88450130494,843.68,107.97,1037.8773740852685,537.6973230219606,39112.99805524796,160.3,0.19,871.65,752.49,15.8,792.19,863.98,-8.3,79,99.8,79,87.0,2,354,99.3,22938,5,Above Average,Stable Customer
CUST_046028,Large Commercial,Redwood City,ECO,false,true,false,false,244,205848.63318760335,843.64,106.45,1033.7487296529462,524.5388789291317,39111.24030564465,160.29,0.19,864.61,752.59,14.9,810.82,856.58,-5.3,80,99.8,80,86.8,30,355,99.3,22937,5,Above Average,Stable Customer
CUST_047578,Large Commercial,Redwood City,ECO,false,true,false,false,244,205845.02649365927,843.63,104.65,1040.9320848634165,566.3530428519186,39110.55503379528,160.29,0.19,864.09,752.84,14.8,810.35,856.75,-5.4,81,99.8,81,86.6,31,356,99.3,22936,5,Above Average,Stable Customer
CUST_006972,Large Commercial,Redwood City,ECO,false,false,false,false,244,205842.59883679185,843.62,107.49,1039.3931566331332,558.2265229128881,39110.0937789905,160.29,0.19,860.1,753.92,14.1,815.03,854.89,-4.7,82,99.8,82,86.5,32,357,99.3,22935,5,Above Average,Stable Customer
CUST_021379,Large Commercial,Palo Alto,ECOplus,true,false,false,false,244,205834.2910543613,843.58,108.9,1048.1406772086466,581.3021359628938,43225.20112141584,177.15,0.21,863.29,745.65,15.8,812.63,855.79,-5.0,83,99.8,83,86.3,19,119,99.8,42125,5,Above Average,Stable Customer
CUST_007637,Large Commercial,Redwood City,ECOplus,false,false,false,false,244,205832.19883118998,843.57,107.32,1034.5571267021846,568.7780712192084,43224.761754549916,177.15,0.21,869.63,747.42,16.4,797.45,861.76,-7.5,84,99.8,84,86.1,33,120,99.8,42124,5,Above Average,Stable Customer
CUST_043768,Large Commercial,Palo Alto,ECO,false,false,false,true,244,205826.19042344004,843.55,105.12,1038.1721142882534,538.2650198760764,39106.97618045361,160.27,0.19,870.68,750.82,16.0,803.1,859.5,-6.6,85,99.8,85,86.0,20,358,99.3,22934,5,Above Average,Stable Customer
CUST_042552,Large Commercial,San Mateo,ECOplus,true,false,false,false,244,205819.6732323805,843.52,101.64,1029.289945756032,567.5386044609097,43222.13137879996,177.14,0.21,870.77,752.21,15.8,812.27,855.85,-5.1,86,99.8,86,85.8,21,121,99.8,42123,5,Above Average,Stable Customer
CUST_014778,Large Commercial,Palo Alto,ECOplus,false,false,false,false,244,205817.75319742566,843.52,108.21,1046.978529778189,545.2503209921357,43221.72817145939,177.14,0.21,875.52,752.01,16.4,799.31,860.94,-7.2,87,99.8,87,85.6,21,122,99.8,42122,5,Above Average,Stable Customer
CUST_024680,Large Commercial,Palo Alto,ECOplus,false,false,false,true,244,205801.6964947512,843.45,101.44,1038.5677266001715,577.3331746478026,43218.356263897775,177.12,0.21,867.68,755.59,14.8,808.1,857.39,-5.7,88,99.8,88,85.5,22,123,99.8,42121,5,Above Average,Stable Customer
CUST_002161,Large Commercial,San Mateo,ECO100,true,true,false,false,244,205798.98018360476,843.44,102.03,1033.5992156182176,531.8667010251795,47333.76544222911,193.99,0.23,865.48,760.0,13.9,814.88,854.7,-4.7,89,99.8,89,85.3,22,12,100.0,49871,5,Above Average,Stable Customer
CUST_046909,Large Commercial,Redwood City,ECO,false,false,false,false,244,205794.044133601,843.42,103.22,1043.1056185689436,550.005459538797,39100.86838538418,160.25,0.19,861.05,760.15,13.3,806.93,857.81,-5.9,90,99.8,90,85.1,34,359,99.3,22933,5,Above Average,Stable Customer
CUST_010835,Large Commercial,San Mateo,ECO100,false,true,false,false,244,205792.3702359667,843.41,98.92,1044.6358060293032,589.5391339348552,47332.24515427234,193.98,0.23,861.25,759.17,13.4,815.26,854.51,-4.6,91,99.8,91,84.9,23,13,100.0,49870,5,Above Average,Stable Customer
CUST_001875,Large Commercial,Redwood City,ECOplus,false,false,false,false,244,205785.64857542125,843.38,104.55,1042.5848805869227,571.9355877813146,43214.98620083845,177.11,0.21,850.36,757.77,12.2,805.08,858.49,-6.2,92,99.8,92,84.8,35,124,99.8,42120,5,Above Average,Stable Customer
CUST_040457,Large Commercial,Palo Alto,ECOplus,false,true,false,false,244,205785.12175490346,843.38,106.07,1036.1860911907436,546.6857399390752,43214.875568529686,177.11,0.21,849.14,754.62,12.5,799.64,860.63,-7.1,93,99.8,93,84.6,23,125,99.8,42119,5,Above Average,Stable Customer
CUST_006348,Large Commercial,San Mateo,ECO100,false,false,false,true,244,205783.1590217742,843.37,103.37,1032.7801072707812,564.1244226069063,47330.12657500806,193.98,0.23,855.47,758.43,12.8,800.71,860.19,-6.9,94,99.8,94,84.4,24,14,100.0,49869,5,Above Average,Stable Customer
CUST_040936,Large Commercial,San Mateo,ECOplus,false,false,false,false,244,205771.85732655416,843.33,102.69,1036.4664444752752,557.7374656236275,43212.09003857637,177.1,0.21,857.53,761.93,12.5,804.91,858.47,-6.2,95,99.8,95,84.3,25,126,99.7,42118,5,Above Average,Stable Customer
CUST_021503,Large Commercial,East Palo Alto,ECO,false,true,false,false,244,205763.6205463954,843.29,109.27,1039.3815892546675,538.1194133138565,39095.08790381518,160.23,0.19,855.1,750.7,13.9,805.15,858.33,-6.2,96,99.8,96,84.1,2,360,99.3,22932,5,Above Average,Stable Customer
CUST_041387,Large Commercial,Foster City,ECOplus,false,false,false,true,244,205760.2144998354,843.28,100.66,1044.5507620986405,613.6851863224759,43209.64504496545,177.09,0.21,867.7,754.9,14.9,825.04,850.47,-3.0,97,99.8,97,83.9,10,127,99.7,42117,5,Above Average,Stable Customer
CUST_037277,Large Commercial,San Mateo,ECO,false,false,false,false,244,205751.03671304535,843.24,104.82,1038.5829515560129,556.7119523597731,39092.69697547861,160.22,0.19,857.6,757.05,13.3,810.68,856.08,-5.3,98,99.8,98,83.8,26,361,99.3,22931,5,Above Average,Stable Customer
CUST_019928,Large Commercial,San Mateo,ECO100,false,false,true,false,244,205749.4369021859,843.24,107.64,1048.308244115482,544.142520570821,47322.37048750283,193.94,0.23,863.55,749.1,15.3,805.26,858.21,-6.2,99,99.8,99,83.6,27,15,100.0,49868,5,Above Average,Stable Customer
CUST_022920,Large Commercial,Redwood City,ECO100,false,false,false,false,244,205737.53901166466,843.19,108.92,1042.8978324870939,532.0726970337474,47319.63397268285,193.93,0.23,861.83,752.74,14.5,804.37,858.49,-6.3,100,99.8,100,83.4,36,16,100.0,49867,5,Above Average,Stable Customer
